,Tweets
0,"7-3-19 уАРрд╕реВрдЪрдирд╛уАС
рд╕реЛрдирд┐рдпрд╛ рдЖрдВрдЯреА рдореЗрд░рд╛ рдкрд╛рд╕рдкреЛрд░реНрдЯ 2006 рдореЗ рдмрдирд╛ рдерд╛редрдЬреЛ рдЕрдХрд╡рд░ рд░реЛрдб рдХрд╛рд░реНрдпрд╛рд▓рдп рдореЗ рдЫреВрдЯ рдЧрдпрд╛ рдерд╛редрднреЗрдЬрдиреЗ рдХрд╛ рдХрд╖реНрдЯ рдХрд░реЗредрдореИ рдХрд┐тАж https://t.co/fbitDK6SXC"
1,"RT @LambaAlka: рдХрд╢реНрдореАрд░рд┐рдпреЛрдВ рдХреЛ рдПрдХ рдЕрдбрд╡рд╛рдЗрдЬрд░реА рдЬрд╛рд░реА рдХрд░рдиреА рдЪрд╛рд╣рд┐рдпреЗ,рдЬреЛ рд╕реАрдзреЗ BJP рд╕рд░рдХрд╛рд░реЛрдВ рдХреЗ рдореБрдБрд╣ рдкрд░ рдХрд░рд╛рд░рд╛ рддрдорд╛рдЪрд╛ рднреА рд╣реЛрдЧреА,рдЬреЛ рдЗрди рдЬреИрд╕реЗ рджреЛ рдХреМрдбрд╝реА рдХреЗ рдлрд░реНрдЬреА рднтАж"
2,"RT @RealHistoryPic: Today:

1) Rafale file stolen from Defense Ministry.

2) BJP MP beats Black &amp; Blue to a BJP MLA.

3) A youth thrashed bтАж"
3,"RT @AKrisnapriya: рд╡реЛ рд╢реЗрдХреНрд╕рдкрд┐рдпрд░ рдХреЗ рдХреЙрд▓ рдХреА рдкрд╛рд╕рджрд╛рд░реА.. рдХрд░ рд░рд╣рд╛ рд╣реИ
рд╡реЛ рдореЛрд╣рдмреНрдмрдд рдирд╣реАрдВ...рдЕрджрд╛рдХрд╛рд░реА рдХрд░ рд░рд╣рд╛ рд╣реИ...ЁЯМ╣"
4,"RT @Benarasiyaa: In Muzaffarnagar, BJP workers brutally thrashed a youth who confronted govt's claim over job and education during an electтАж"
5,RT @vinodkapri: рдмреАрдЬреЗрдкреА рдХреЗ рдиреЗрддрд╛ рдпреВрдкреА рдореЗрдВ рд╡рд┐рдХрд╛рд╕ рдХреЗ рд▓рд┐рдП рдмреИрдардХ рдХрд░ рд░рд╣реЗ рдереЗ рдФрд░ рдЗрд╕реА рдмреИрдардХ рдореЗрдВ рдмреАрдЬреЗрдкреА рдХреЗ MP рд╢рд░рдж рддреНрд░рд┐рдкрд╛рдареА рдиреЗ BJP рдХреЗ рд╣реА MLA рдХреЛ рдпреВрдБ рдкреАрдЯрд╛тАж
6,"RT @BJP4India: BJP National President Shri @AmitShah will attend тАШLakshya JITOтАЩ program at GMDC Hall, Ahmedabad, Gujarat. Stay tuned for LIтАж"
7,"RT @NANDUVARU: @GohilMayur6296 @GojiyaRambhai
@BJP_GirSomnath
@BJP4Maha
#BharatKeMannKiBaat
рд╡рдВрджреЗ рдорд╛рддрд░рдореН https://t.co/h0K3UYAMJM"
8,"RT @GauravPandhi: Latest HD satellite image shows buildings of the Madrasa run by JeM stands intact in Balakot.

As I have been saying, AirтАж"
9,"@MinhazMerchant BJP - 290. #NDA - 330-340, as Things stand today. Ram Mandir, war wid Pakistan &amp; couple more initiaтАж https://t.co/i4GspEWfNG"
10,рд╡рд┐рдзрд╛рдпрдХ рдкрд░ рдЬреВрддреЗ рдмрд░рд╕рд╛рдиреЗ рд╡рд╛рд▓реЗ MP рдХреЛ рдореЛрджреА рд╕рд░рдХрд╛рд░ рдиреЗ рд╡рд┐рджреЗрд╢ рдордВрддреНрд░рд╛рд▓рдп рд╕рд╣рд┐рдд рдХрдИ рдХрдореЗрдЯрд┐рдпреЛрдВ рдореЗрдВ рджрд┐рдпрд╛ рд╣реИ рд╕реНрдерд╛рди https://t.co/JuBltsD3No
11,"RT @AshishVK7771: рд╣реЗ рднрдЧрд╡рд╛рди рдореБрдЭреЗ рдЙрдард╛ рд▓реЗ..
рдФрд░ рдлреЗрдХ рджреЗ .
.
.
.
.
.
.
рдХрд┐рд╕реА рдЦреВрдмрд╕реБрд░рдд рд▓рдбрд╝рдХреА рдХреА рдмрд╛рд╣реЛрдВ рдореЗ, рдФрд░ рд╡реЛ рдХрд┐рд╕ рдХрд░ рд▓реЗ рдореБрдЭреЗ ЁЯШДЁЯШЖЁЯШкЁЯШЬЁЯШЬЁЯШЬЁЯШЬЁЯШЬ

рдпреЗ рдмрд╛рддреЗрдВтАж"
12,"RT @dungachoud6: ЁЯЩП #рд╕реБрдкреНрд░рднрд╛рдд ЁЯЩП

рдЦрдЯрдХрддрд╛ рдЙрдУ рдЙрдирдХреЛ рд╣реВрдБ рд╕рд╛рд╣рдм рдЬрд╣рд╛рдБ рдореИрдВ рдЭреБрдХрддрд╛ рдирд╣реАрдВ, 
рдмрд╛рдХреА рдЬрд┐рдиреНрд╣реЗрдВ рдЕрдЪреНрдЫрд╛ рд▓рдЧрддрд╛ рд╣реВрдБ рд╡реЛ рдореБрдЭреЗ рдЭреБрдХрдиреЗ рдирд╣реАрдВ рджреЗрддреЗ...!!

#рдЬрдптАж"
13,RT @pavangbhati01: I Like BJP...ЁЯШК #MeraParivarBhajapaParivar
14,"RT @AliSohrab007: рд░рд╛рдлреЗрд▓ рд╕реМрджреЗ рдХреА рдлрд╛рдИрд▓реЗрдВ рдЪреЛрд░реА
рдореЗрд░реА рд▓реВрдЯ рд╕рдмрд╕реЗ рдордЬрд╝рдмреВрддтАж
BJP рд╕рд╛рдВрд╕рдж рдиреЗ рднрд╛рдЬрдкрд╛ MLA рдХреЛ рдЬреВрддреЗ рд╕реЗ рдХреВрдЯрд╛
рдореЗрд░рд╛ рдмреВрдЯ рд╕рдмрд╕реЗ рдордЬрд╝рдмреВрддтАж
рдореИрдВ рдПрдХ рдХреЗ рдмрджтАж"
15,"RT @Abhijain666: рд░рд╛рдо рд▓рд▓реНрд▓рд╛ рд╣рдо рдЖрдПрдВрдЧреЗ рдордВрджрд┐рд░ рд╡рд╣реА рдмрдирд╛рдПрдВрдЧреЗ
рд╕рдордЭреЗ

рд╡реАрдбрд┐рдпреЛ рдЬрд░реВрд░ рджреЗрдЦреЗрдВ 
рдХрдореЗрдВрдЯ рдореЗрдВ рд▓рд┐рдЦреЗ 
рдЬрдп рд╢реНрд░реА рд░рд╛рдо https://t.co/RVO3hJGcVT"
16,"RT @SitaramYechury: BJP govts, at the Centre or in states, exist only for illegal profiteering of Modi's rich cronies at the cost of publicтАж"
17,"RT @NishaMi53322353: рд▓реЛрдХрддрдВрддреНрд░ рдЬрдм рдЦрддрд░реЗ рдореЗрдВ рдЖрдпрд╛ рд╣реИ рддрдм рдЬреВрддреЗ рдирд┐рдХрд▓реЗ рд╣реИрдВ, рдХрднреА рдЬрдпрдкреНрд░рдХрд╛рд╢ рдХреЗ рдкреИрд░реЛрдВ рдХреА рд╢реЛрднрд╛ рдмрдиреЗ рддреЛ рдХрднреА рдХреЗрдЬрд░реА рдХреЗ рдореБрдЦрд╢реНрд░реГрдВрдЧрд╛рд░ рдХреА

рдЗрд╕рд▓рд┐рдПтАж"
18,"#Rafale

#BJP #RSS #NDA #Modi @RSSorg @BJP4India #ArunJaitley @arunjaitley #NarendraModi @narendramodi @rsprasadтАж https://t.co/eKFGwJfyqN"
19,"RT @Abhijain666: рдХреБрдЫ рддреЛ рдмрджрд▓рд╛ рд╣реИ рдЬрдм рд╢рд╣реАрдж рдХреА рдорд╛рддрд╛ рдЬреА рдорд╛рдирдиреАрдпрд╛
рд░рдХреНрд╖рд╛ рдордВрддреНрд░реА @nsitharaman рдЬреА рдХрд╛ рд╕реНрд╡рд╛рдЧрдд рдХрд░рдиреЗ рдлреВрд▓реЛ рдлреВрд▓реЛ рдХреЗ рд╕рд╛рде рдЖрдИ рддреЛ рдорд╛рдирдиреАрдпрд╛ рд░рдХреНрд╖рд╛тАж"
20,RT @AmanKayamHai_ET: A BJP MP Sharad Tripathi and BJP MLA Rakesh Bhagel rain shoe-blows on each other in the presence of UP Minister AshutoтАж
21,"рджреЗрд╢ рдХреЗ рдХрд╛рдордЧрд╛рд░реЛрдВ рдХреЛ рд╕рдорд░реНрдкрд┐рдд рдкреНрд░рдзрд╛рдирдордВрддреНрд░реА рд╢реНрд░рдо рдпреЛрдЧреА рдорд╛рдирдзрди рдпреЛрдЬрдирд╛ред 
рдЕрдм рджреЗрд╢ рдХреЗ рд▓рдЧрднрдЧ 42 рдХрд░реЛрдбрд╝ рдХрд╛рдордЧрд╛рд░ рдмрд╣рди- рднрд╛рдИрдпреЛрдВ рдХреЗ рд▓рд┐рдП 6тАж https://t.co/YSosfRsdNu"
22,"RT @RealHistoryPic: Today:

1) Rafale file stolen from Defense Ministry.

2) BJP MP beats Black &amp; Blue to a BJP MLA.

3) A youth thrashed bтАж"
23,"р░╕р▒Ар░Ор░Вр░др▒Л р░мр▒Ар░Ьр▒Зр░кр▒А р░Ор░ор▒Нр░ор▒Жр░▓р▒Нр░пр▒З р░нр▒Зр░Яр▒А р░Ер░Вр░жр▒Бр░Хр▒Зр░ир░╛..?
#AndhraPradesh #TDP #BJP #ChandrababuNaidu #VishnuKumarRaju #VizagтАж https://t.co/8EGdgYr01X"
24,"RT @Benarasiyaa: In Muzaffarnagar, BJP workers brutally thrashed a youth who confronted govt's claim over job and education during an electтАж"
25,"RT @rahul1makwana: рдПрдпрд░ рд╕реНрдЯреНрд░рд╛рдЗрдХ рдкрд╛рдХрд┐рд╕реНрддрд╛рди рдкрд░ рд╣реБрдИ, рдлрдЯреА рд╣реБрдИ рдпрд╣рд╛рдБ рдХреЗ рдмреБрджреНрджрд┐рдЬреАрд╡рд┐рдпреЛрдВ рдХреА рд╣реИ рд╕рд╕реБрд░реЗ рд╢рд┐рд╡рд░рд╛рддреНрд░рд┐ рдкрд░ рджреВрдз рдЪрдврд╝рд╛рдиреЗ рдХрд╛ рд╡рд┐рд░реЛрдз рдХрд░рдирд╛ рд╣реА рднреВрд▓ рдЧтАж"
26,"RT @DNspeaks: рдореБрд╕реНрд▓рд┐рдо рдЦреБрд▓реЗрдЖрдо рдХрд╣рддреЗ рд╣реИрдВ рдХрд┐ #BJP рдХреЛ рд╡реЛрдЯ рдирд╣реАрдВ рджреЗрдВрдЧреЗ рдХреНрдпреЛрдВрдХрд┐ рд╡рд╣ #рд╣рд┐рдиреНрджреВрд╡рд╛рджреА рдкрд╛рд░реНрдЯреА рд╣реИ...

рдХреНрдпрд╛ рдпрд╣реА рдмрд╛рдд рд╣рд┐рдиреНрджреВ рднреА рдХрд╣ рд╕рдХрддреЗ рд╣реИрдВ рдХрд┐-тАж"
27,RT @drshamamohd: Dr. Manmohan Singh never travelled for official &amp; non-official work on the same trip as PM. He always kept them seperate.тАж
28,"RT @SitaramYechury: BJP govts, at the Centre or in states, exist only for illegal profiteering of Modi's rich cronies at the cost of publicтАж"
29,"RT @dhruv_rathee: BJP MP slapping a BJP MLA with a shoe ЁЯШВЁЯШВ

They're fighting over whose name they should put in a foundation stone. As usuaтАж"
30,RT @chinu12913516: We support BJP #MeraParivarBhajapaParivar
31,RT @ashutosh83B: рдмреАрдЬреЗрдкреА рдХреЗ рд╕рд╛рдВрд╕рдж рдиреЗ рдмреАрдЬреЗрдкреА рдХреЗ рд╡рд┐рдзрд╛рдпрдХ рдХреЛ рдмреАрдЬреЗрдкреА рдХреЗ рдордВрддреНрд░реА рдХреЗ рд╕рд╛рдордиреЗ рдЬреВрддреЗ рд╕реЗ рдЦрд╝реВрдм рдкреАрдЯрд╛ред рд╣рд╛рд▓рд╛рдд рдмреЗрдХрд╝рд╛рдмреВред рд╕рд╛рдВрд╕рдж рдЬрд╛рди рдмрдЪрд╛рдиреЗ рдХреЗ рд▓рд┐рдпреЗтАж
32,"RT @pbhushan1: Must Watch: Ravish Kumar on BJP's shoefest in UP: ""Mera boot sabse majboot""! Also on the AG's objection in the SC to examineтАж"
33,"RT @RohitkrSh: @ANI Aaloo @SwatiJaiHind koi comment, Ya koi action lengi apne dewar pr ??...ki sirf BJP ke against hi action aur tweet karnтАж"
34,"RT @007kiran_: рдЯреЛрдкреА рд╕реЗ рдбрд░ рдирд╣реАрдВ рд▓рдЧрддрд╛ рд╕рд╛рд╣рдм 

рддрд┐рд▓рдХ рд╕реЗ рдбрд░ рд▓рдЧрддрд╛ рд╣реИ...

-- рдПрдХ рдбрд░рд╛ рд╣реБрдЖ рдХрд╛рдВрдЧреНрд░реЗрд╕реА
ЁЯШПЁЯШПЁЯШП
#SelfieWithTilak https://t.co/4PsEwZKHFp"
35,RT @Karunes40537974: рднрд╛рдЬрдкрд╛ рдХреЗ рдкреАрдПрдо рдореЛрджреА рдиреЗ рд╕рдВрд╕рдж рд╡ рджреЗрд╢ рдХреЛ рд░рдлрд╛рд▓ рдкрд░ рдЭреВрда рдмреЛрд▓рд╛ рд╡ рдмрд░рдЧрд▓рд╛рдпрд╛ рдХреНрдпрд╛ рджреЗрд╢ рдЗрдирдХреЗ рд╣рд╛рдереЛ рдореЗ рд╕реБрд░рдХреНрд╖рд┐рдд рд╣реИ рдЬреЛ рд░рдлрд╛рд▓ рдХреА рдлрд╛рдИрд▓реЗ рдЪреЛрд░реАтАж
36,"RT @FuseLaundry: SABOOT maangoge SABOOT denge, Naukri maangoge to ЁЯСЗ

Say it like The Telegraph

In Muzaffarnagar, BJP workers brutally thraтАж"
37,RT @mihirssharma: The BJP has finally found an issue that resonates with the electorate https://t.co/Wezj0Rizek
38,"RT @TheLallantop: рд╕рдВрддрдХрдмреАрд░ рдирдЧрд░: рдкрд┐рдЯрдиреЗ рд╡рд╛рд▓реЗ рд╡рд┐рдзрд╛рдпрдХ рдиреЗ рд╕рд╛рдВрд╕рдж рд╕реЗ рдЭрдЧрдбрд╝реЗ рдХрд╛ рдХрд╛рд░рдг рдмрддрд╛рдпрд╛ рд╣реИ 
https://t.co/iV011pB1hh

#SharadTripathi #SantkabirnagтАж"
39,"RT @VoiceofmyBharat: рдорджрд░рд╕реЗ рдореЗрдВ CCTV рдХреИрдорд░рд╛ рд▓рдЧрд╛рдиреЗ рд╡рд╛рд▓реА BJP рд╕рд░рдХрд╛рд░ рдЦреБрдж рдХреЗ рд░рдХреНрд╖рд╛ рдордВрддреНрд░рд╛рд▓рдп рдореЗрдВ cctv рдХреИрдорд░рд╛ рд▓рдЧрд╛рдирд╛ рднреВрд▓ рдЧрдпреА ?

#RafaleFilesStolen"
40,RT @radhikagureja1: #mera pariwar bhajpa pariwar    рдиреЙрдирд╕реНрдЯреЙрдк 100: рд▓реЛрдХрд╕рднрд╛ рдореЗрдВ BJP рдиреЗ 'рд╕рдЬреНрдЬрди' рдХрд╛ рдореБрджреНрджрд╛ рдЙрдард╛рдпрд╛
41,"RT @YesIAMTaru: Return to your roots~Apply Tilak on ur forehead.
#SelfieWithTilak https://t.co/yunlHiZLqN"
42,RT @RanjanSukesh: Give a caption please! Marking this to all who's who of bjp. Apne yodhha ko dekhen to sahi @narendramodi @AmitShah @myogiтАж
43,"RT @GhandhiPriyanka: рднрдЧрд╡рд╛ рдкрд╣рдиреЗ рд▓реЛрдЧ рдХрд╢реНрдореАрд░рд┐рдпреЛ рдХреЛ рдкрд┐рдЯ рд░рд╣реЗ рд╣реИ? рдЬрдирддрд╛ рдиреНрдпреВрдЬ рдЪреИрдирд▓ рдХреЛ рдХреВрдЯ рд░рд╣реА рд╣реИ, рд╕рд╛рдВрд╕рдж рдЕрдкрдиреЗ рджрд▓ рдХреЗ рд╡рд┐рдзрд╛рдпрдХ рдХреЛ рдЬреБрддреЗ рд╕реЗ рдкреЗрд▓ рд░рд╣рд╛ рд╣реИ?тАж"
44,"RT @CR_Chaudhary_rj: рд╕рдмреВрдд рдорд╛рдВрдЧрдиреЗ рд╡рд╛рд▓реЛ рдпрд╣ рд░рд╣рд╛ рд╕рдмреВрдд рджреЗрдЦ рд▓реЛ рдФрд░ рдкрд╣рдЪрд╛рди рд▓реЛ рддреБрдореНрд╣рд╛рд░реЗ рдмрд╛рдк  рдХреЛ ! 
#SabootChahiyePakJao 
#SauBaatKiEkBaat 
#ModiOnceMтАж"
45,"RT @ideveshsharma1: рджреЛрд╕реНрддреЛрдВ,
рдореЗрд░реЗ Account рдореЗрдВ рд╣рд┐рдВрджреБрд╕реНрддрд╛рди рдФрд░ рдкрд╛рдХрд┐рд╕реНрддрд╛рди рдХрд╛ рдпреБрджреНрдз рдЪрд▓ рд░рд╣рд╛ рд╣реИ !!

рдкрд╛рдХрд┐рд╕реНрддрд╛рдиреА рдореБрдЭреЗ рдкреВрд░реА рд░рдлреНрддрд╛рд░ рд╕реЗ Unfollow рдХрд░ рд░рд╣реЗтАж"
46,"@Swamy39 #Rafale

#BJP #RSS #NDA #Modi @RSSorg @BJP4India #ArunJaitley @arunjaitley #NarendraModi @narendramodiтАж https://t.co/7WykSvWk0T"
47,"RT @bainjal: The Bjp is not a political party anymore but, a majoritarian terror organisation https://t.co/R2xIxEo0CL"
48,"Bjp itself is trending such useless hashtags.

India should focus on fixing the security lapse and eradicating threтАж https://t.co/t74RML0RcG"
49,RT @namomerchandise: BJP President @AmitShah launched NaMo Rath at the BJP Headquarters! https://t.co/Zsl2j7dSWQ
50,RT @PiyushGoyal: PM @NarendraModi will visit Kalaburagi in Karnataka and Kancheepuram in Tamil Nadu today to inaugurate various infrastructтАж
51,"RT @RealHistoryPic: Today:

1) Rafale file stolen from Defense Ministry.

2) BJP MP beats Black &amp; Blue to a BJP MLA.

3) A youth thrashed bтАж"
52,"RT @narendramodi: Looking forward to interacting with BJP Karyakartas from Bilaspur, Basti, Dhanbad, Chittorgarh and Mandsaur Lok Sabha seaтАж"
53,"@ManishTewari Buildings on fire in BJP Govt run locations
Crucial documents burnt 
Now a criminal claim of docs stoтАж https://t.co/dEebIvXPTC"
54,RT @drshamamohd: Dr. Manmohan Singh never travelled for official &amp; non-official work on the same trip as PM. He always kept them seperate.тАж
55,@ncbn @narendramodi Then why sir you joined with bjp
56,"RT @ras10121836: @panditRajoriyaG @mishra_dhn рдЕрднрд┐рдирдВрджрди рдХреЛ рджреБрд╢реНрдордирдиреЗ рд░рд┐рд╣рд╛ рдХрд┐рдпрд╛ред
BJP рд╕рд░рдХрд╛рд░ рд╢рд░реНрдорд╕рд╛рд░ рд╣реБрд╡рд╛ред"
57,RT @JhaSanjay: These two #BJP leaders tell you all we need to know as to why we must reject them wholesale in April/May 2019. Disgraceful!тАж
58,RT @BJP4Delhi: рдХреЗрдЬрд░реАрд╡рд╛рд▓ рдЕрдкрдиреА рд╣рд╛рд░ рд╕реЗ рдЗрддрдиреЗ рднрдпрднреАрдд рд╣реИрдВ рдХрд┐ рдХрд╛рдВрдЧреНрд░реЗрд╕ рдХреЗ рд╕рд╛рдордиреЗ рдЧрдардмрдВрдзрди рдХреЗ рд▓рд┐рдП рдмрд╛рд░-рдмрд╛рд░ рд╣рд╛рде рдЬреЛрдбрд╝реЗ рдЦрдбрд╝реЗ рд╣реИрдВ рдкрд░ рдХрд╛рдВрдЧреНрд░реЗрд╕ рддреИрдпрд╛рд░ рдирд╣реАрдВ рд╣реЛтАж
59,"@venkatramane @sumanthraman He wont....bcos his eyes &amp; mind are trained only for BJP fault finding, this incident aтАж https://t.co/zi1ph53e93"
60,"RT @RealHistoryPic: Today:

1) Rafale file stolen from Defense Ministry.

2) BJP MP beats Black &amp; Blue to a BJP MLA.

3) A youth thrashed bтАж"
61,"RT @sunerdhakad: рдЗрддрдирд╛ рддреЛ рдЕрдВрдЧреНрд░реЗрдЬреЛрдВ рдирд╛ рднреА рдирд╣реАрдВ рд▓реВрдЯрд╛ рдерд╛

 рдЬрд┐рддрдирд╛ рдЗрди рдиреЗрддрд╛ рд▓реЛрдЧреЛрдВ рдиреЗ рд▓реВрдЯрд╛ рд╣реИ рджреЗрд╢ рдХреЛЁЯСЗЁЯСЗ https://t.co/nnRf1pZFh0"
62,"RT @BJP4Nagaland: The people of Nagaland have united in one voice and stands strong with the BJP.

#MeraParivarBhajapaParivar https://t.co/тАж"
63,рдЕрдЧрд▓реЗ рд╣рдорд▓реЗ рдореЗрдВ рд╡рд┐рдкрдХреНрд╖реА рдиреЗрддрд╛рдУрдВ рдХреЛ рд╡рд┐рдорд╛рди рдореЗрдВ рдмрд╛рдВрдзрдХрд░ рд▓реЗ рдЬрд╛рдП рд╡рд╛рдпреБрд╕реЗрдирд╛ : рд╡реАрдХреЗ рд╕рд┐рдВрд╣.... рд╡рд╛рдпреБ рд╕реЗрдирд╛ рдХреЛ рд░рд╛рдЬрдиреАрддрд┐ рдореЗрдВ рдХреНрдпреВрдБ рдШрд╕реАтАж https://t.co/f1DNecs60K
64,"@Dhaval_BJP @JahnaviJain_ @AamAadmiParty рдПрдХ рдмрд╛рдд рд╕рдЪ рдХрд╣рд╛рдВ рдШреБрдВрдШрд░реВ рд╕реЗрда рдиреЗ рдХрд┐ рдЪрд╛рд╣реЗ рдХреБрдЫ рднреА рд╣реЛ рдЬрд╛рдП рдХрдЬреНрдЬреВ рджрд▓рд╛рд▓реЛрдВ ,рдХрдореАрд╢рди рдЦреЛтАж https://t.co/6q12BILOU5"
65,"RT @ShobhaBJP: Desperate #MamataBanerjee her self ordered to lathi charge on #BJPVijaySankalpBikeRaly.

Watch this horrible video to know tтАж"
66,"RT @AbhishBanerj: Siddaramaiah says he is scared of people wearing tilak on forehead

Imagine outrage of media/intellectuals if a top BJP lтАж"
67,RT @Jal_Kukdi: This man should be made BJP spokesperson ЁЯШВ https://t.co/4LTQ2un5lg
68,"RT @Reema_bjp: рдЬрдп рдЬрдп рд╢реНрд░реА рд░рд╛рдо ЁЯЩПЁЯМ╖
 рд╣рд░ рд╣рд░ рдорд╣рд╛рджреЗрд╡ ЁЯЩПЁЯМ╖
#SelfieWithTilak
#ChowkidaarKeMannKiBaat https://t.co/4OafcTjXao"
69,"RT @aajtak: BJP рдХреЗ 'рдЕрдиреБрд╢рд╛рд╕рди' рдХреА рдЬреЛрдд рдЬрдЧрд╛рддреЗ рджреЛ рдиреЗрддрд╛ !
рджреЗрдЦрд┐рдП #10Tak рд╕рдИрдж рдЕрдВрд╕рд╛рд░реА рдХреЗ рд╕рд╛рде 
рдЕрдиреНрдп рд╡реАрдбрд┐рдпреЛ: https://t.co/0lHmKyGH0i https://t.co/QoDYYтАж"
70,"рджреЗрд╢ рд╕реЗ рдмрдврд╝рдХрд░ рдХреБрдЫ рдирд╣реАрдВ рд╣реИред рджреЗрд╢ рдХреА рд╕реЗрд╡рд╛ рдХрд░рдиреЗ рд╡рд╛рд▓реЛрдВ рдХреЛ, рджреЗрд╢ рдХреЗ рдирд┐рд░реНрдорд╛рдг рдореЗрдВ рд▓рдЧреЗ рд╣рд░ рд╡реНрдпрдХреНрддрд┐ рдХреЛ, рджреЗрд╢ рдХрд╛ рдпреЗ рдкреНрд░рдзрд╛рдирд╕реЗрд╡рдХ рдирдордитАж https://t.co/XYCx44jUyO"
71,@ManishHpurohit @narendramodi @PiyushGoyal @devjimpatel @parag_alavani @Smraoborli @AsitKumarrModi @OmMathur_bjpтАж https://t.co/MEuDaqfBUL
72,@CTRavi_BJP @narendramodi Thugs life Da this BJP life https://t.co/roNmJQVfpB
73,RT @shunagar: My Parivar  want to be a BJP Parivar #MeraParivarBhajapaParivar
74,RT @VivekmMisra: @Akshaysinghel @TajinderBagga @siddaramaiah @narendramodi @AmitShah @CTRavi_BJP @bjparvind @BJP4Karnataka @smritiirani @poтАж
75,@shahfaesal @PMOIndia @UN @StateDept Extremism is intolerable. The buck doesn't stop with Pak based or sponsored miтАж https://t.co/HfItTKMMJQ
76,"RT @Benarasiyaa: In Muzaffarnagar, BJP workers brutally thrashed a youth who confronted govt's claim over job and education during an electтАж"
77,"RT @kaur0211: BJP-рд╣реАрд░реЛ рдЬрд╡рд╛рдм рджреЛ
рдХрд╛рд░рдЧрд┐рд▓ рдкрд░ рдХрдмреНрдЬрд╛ рд╣реБрдЖ
рдХрд╛рд░рдЧрд┐рд▓ рдореЗ рд╢рд╣реАрджреЛ рдХрд╛ рдХрдлрди рдЦрд╛рдпрд╛
рд╕рдВрд╕рдж рднрд╡рди рдкрд░ рд╣рдорд▓рд╛ рд╣реБрдЖ
рд▓рд╛рд▓ рдХрд┐рд▓реЗ рдкрд░ рд╣рдорд▓рд╛ рд╣реБрдЖ
рдЧреБрдЬрд░рд╛рдд рдореЗ рдирд░рд╕рдВрд╣рд╛рд░тАж"
78,"up bjp рд╕рд╛рдВрд╕рдж рддреНрд░рд┐рдкрд╛рдареА рдЬреА рдХреА рдореБрд▓рд╛рдХрд╛рдд рдореЛрджреА рдЬреА рд╕реЗ рдХрдм рд╣реЛрдЧреА ЁЯШВЁЯШВЁЯШВ
#MeraBootSabseMazboot https://t.co/1kVPrJFxKg"
79,"RT @newslaundry: Why is the Congress cutting into Aam Aadmi Party votes in Delhi, which will eventually benefit the Bharatiya Janata Party?тАж"
80,RT @PiyushGoyal: PM @NarendraModi will visit Kalaburagi in Karnataka and Kancheepuram in Tamil Nadu today to inaugurate various infrastructтАж
81,"RT @bijendra125: @INCIndia рдорддрд▓рдм #рдХрд╛рдВрдЧреНрд░реЗрд╕ рдиреЗ ex #PM #рд╢рд╛рд╕реНрддреНрд░реА рдЬреА рдФрд░ #рдиреЗрддрд╛рдЬреА_рд╕реБрднрд╛рд╖_рдЪрдВрдж_рдмреЛрд╕ рдХреА рдореМрдд рдХреЗ рд╕рдмреВрдд рдЖрдЬ рддрдХ рджреЗрд╢ рдХреЛ рдирд╣реАрдВ рджрд┐рдпреЗ рд╣реЗреИред 
ЁЯСЙЁЯП╜рдЕрдмреЗтАж"
82,"RT @pbhushan1: Must Watch: Ravish Kumar on BJP's shoefest in UP: ""Mera boot sabse majboot""! Also on the AG's objection in the SC to examineтАж"
83,"RT @Being__Mahi: рдореБрдЭреЗ рдЙрди рдЙрди рдЪреАрдЬреЛрдВ рдХрд╛ рдкрдЫрддрд╛рд╡рд╛ рдирд╣реАрдВ 
рдЬреЛ рдореИрдВрдиреЗ рдЧрд▓рдд рдХреА
рдореБрдЭреЗ рдЙрди рдЕрдЪреНрдЫреА рдЪреАрдЬреЛрдВ рдХрд╛ рдкрдЫрддрд╛рд╡рд╛ рд╣реИ
рдЬреЛ рдореИрдВрдиреЗ рдЧрд▓рдд рд▓реЛрдЧреЛрдВ рдХреЗ рд▓рд┐рдП рдХреА..!!

#рдмрдЬрд╝реНрдотАж"
84,"RT @BJP4India: рднрд╛рдЬрдкрд╛ рд░рд╛рд╖реНрдЯреНрд░реАрдп рдЕрдзреНрдпрдХреНрд╖ рд╢реНрд░реА @AmitShah рдЬреА рдХреЗ рдЖрдЬ рдЭрд╛рд░рдЦрдВрдб рдореЗрдВ рд╕рд╛рд░реНрд╡рдЬрдирд┐рдХ рдХрд╛рд░реНрдпрдХреНрд░рдоред 

рд▓рд╛рдЗрд╡ рджреЗрдЦреЗрдВ https://t.co/vpP0MInUi4 рдФрд░ httpтАж"
85,рд╕рдВрддрдХрдмреАрд░рдирдЧрд░ рдореЗрдВ рдЬрд┐рд▓рд╛ рдпреЛрдЬрдирд╛ рдХреА рдмреИрдардХ рдореЗрдВ рдкреНрд░рднрд╛рд░реА рдордВрддреНрд░реА рдЖрд╢реБрддреЛрд╖ рдЯрдВрдбрди рдХреА рдЙрдкрд╕реНрдерд┐рддрд┐ рдореЗрдВ рдмрд╡рд╛рд▓ред рднрд╛рдЬрдкрд╛ рд╕рд╛рдВрд╕рдж рд╢рд░рдж рддреНрд░рд┐рдкрд╛рдареА рдиреЗтАж https://t.co/lACXGN3G2U
86,"RT @RealHistoryPic: Today:

1) Rafale file stolen from Defense Ministry.

2) BJP MP beats Black &amp; Blue to a BJP MLA.

3) A youth thrashed bтАж"
87,"RT @Benarasiyaa: In Muzaffarnagar, BJP workers brutally thrashed a youth who confronted govt's claim over job and education during an electтАж"
88,RT @scribe_prashant: Outrageous: It was the final journey of martyr Ajit Kumar Azad but look how BJP MP Sakshi Maharaj is waving from the tтАж
89,RT @BJP4Delhi: рдХреЗрдЬрд░реАрд╡рд╛рд▓ рдЕрдкрдиреА рд╣рд╛рд░ рд╕реЗ рдЗрддрдиреЗ рднрдпрднреАрдд рд╣реИрдВ рдХрд┐ рдХрд╛рдВрдЧреНрд░реЗрд╕ рдХреЗ рд╕рд╛рдордиреЗ рдЧрдардмрдВрдзрди рдХреЗ рд▓рд┐рдП рдмрд╛рд░-рдмрд╛рд░ рд╣рд╛рде рдЬреЛрдбрд╝реЗ рдЦрдбрд╝реЗ рд╣реИрдВ рдкрд░ рдХрд╛рдВрдЧреНрд░реЗрд╕ рддреИрдпрд╛рд░ рдирд╣реАрдВ рд╣реЛтАж
90,"RT @pbhushan1: Must Watch: Ravish Kumar on BJP's shoefest in UP: ""Mera boot sabse majboot""! Also on the AG's objection in the SC to examineтАж"
91,INDIA SHINING .... https://t.co/TUrcfA1SVd
92,"RT @AmitShahFanClub: BJP National President @AmitShah Ji will address Shakti Kendra Pramukh Sammelan today at 2 pm in Nizamabad, Telangana.тАж"
93,RT @MamataOfficial: Media plays an important role in democracy. I strongly condemn threats by BJP govt to one of India's most senior &amp; respтАж
94,"Avi Dandiya shared manufactured audio clip to claim that BJP plotted to hack EVMs
#FactCheck #FightAgainstFakeNews https://t.co/DHL9AEC0Nl"
95,RT @NishantJaiHind: Thanku @narendramodi ji for honouring our real life heroes who are securing our borders 24x7 away from their families sтАж
96,"RT @mithu796311: The social connect ,, рдЬреБрдбреЗрдЧрд╛ рддрднреА рддреЛ рдмрдвреЗрдЧрд╛ ,, рдХреНрдпрд╛ ,, рд╕реЛрдЪрд┐рдП рдЬрд░реВрд░ редред

рдЬрдпрд╣рд┐рдВрдж редред

рд╕реЛрд╢рд▓ рдореАрдбрд┐рдпрд╛ рдХреЙрд░реНрдирд░ 6 рдорд╛рд░реНрдЪ 2019
https://t.cтАж"
97,RT @MRVChennai: One media friend told me that congress estimates as many seats for BJP as there would be dead terrorists in Balakot. Now unтАж
98,"RT @SudhinBhadoria: BJP рд╕рд╛рдВрд╕рдж рдФрд░ рд╡рд┐рдзрд╛рдпрдХ рдХреЗ рдмреАрдЪ рдЪрд▓реЗ рдЬреВрддреЗ, рдкреНрд░рджреЗрд╢ рдЕрдзреНрдпрдХреНрд╖ рдкрд╛рдВрдбреЗрдп рдмреЛрд▓реЗ- рдХрдареЛрд░ рдХрд╛рд░реНрд░рд╡рд╛рдИ рд╣реЛрдЧреАред рднрд╛рдЬрдкрд╛ рдиреЗрддрд╛ рдЬрд┐рд╕ рдкреНрд░рдХрд╛рд░ рджреЗрд╢ рдХреА рд╕реЗрд╡рд╛тАж"
99,"RT @RuchisharmaINC: рдереЛрдбрд╝реЗ рдмрд╣реБрдд рд╕реИрдирд┐рдХ рдорд░рддреЗ рд╣реИрдВред
рдбреАрд▓ рдХреА рдЫреЛрдЯреА рдореЛрдЯреА рдлрд╛рдИрд▓реЗрдВ рдЪреЛрд░реА рд╣реЛ рдЬрд╛рддреА рд╣реИрдВ
рдкрд╛рд░реНрдЯреА рдХреА рд╡реЗрдмрд╕рд╛рдЗрдЯ рд╣реИрдХ рд╣реЛ рдЬрд╛рддреА рд╣реИ ред
 рдХреНрдпрд╛ рд╡рд╛рдХрдИ рджреЗрд╢тАж"
